ID,FoodGroup,Descrip,CommonName,MfgName,ScientificName,Energy_kcal,Protein_g,Fat_g,Carb_g,Sugar_g,Fiber_g,VitA_mcg,VitB6_mg,VitB12_mcg,VitC_mg,VitE_mg,Folate_mcg,Niacin_mg,Riboflavin_mg,Thiamin_mg,Calcium_mg,Copper_mcg,Iron_mg,Magnesium_mg,Manganese_mg,Phosphorus_mg,Selenium_mcg,Zinc_mg
6405,"Soups, Sauces, and Gravies","CAMPBELL'S CHUNKY, HEALTHY REQUEST Chicken Noodle Soup",No name,Campbell Soup Co.,No name,41.0,2.97,0.97,5.88,1.12,0.8,0.0,0.0,0.0,0.5,0.0,0.0,0.0,0.0,0.0,12.0,0.0,0.34,8.0,0.0,36.0,0.0,0.47
9128,Fruits and Fruit Juices,"Grapefruit juice, white, raw",No name,No name,No name,39.0,0.5,0.1,9.2,9.1,0.1,1.0,0.044,0.0,38.0,0.22,10.0,0.2,0.02,0.04,9.0,0.033,0.2,12.0,0.02,15.0,0.1,0.05
21435,Fast Foods,"KFC, Fried Chicken, ORIGINAL RECIPE, Drumstick, meat and skin with breading",KFC,Kentucky Fried Chicken,No name,239.0,22.3,14.22,5.39,0.0,0.0,0.0,0.221,0.54,0.0,0.0,0.0,4.993,0.213,0.041,29.0,0.08,0.97,23.0,0.135,211.0,25.5,1.96
16570,Legumes and Legume Products,"GARDENBURGER Black Bean Chipotle Burger, frozen, unprepared",No name,"Kellogg, Co.",No name,149.0,6.5,3.9,22.0,3.6,6.1,0.0,0.1,0.0,0.0,0.0,31.0,0.9,0.0,0.1,49.0,0.0,2.4,42.0,0.0,110.0,0.0,0.7
14621,Beverages,"V8 V. FUSION Juices, Strawberry Banana",No name,Campbell Soup Co.,No name,49.0,0.41,0.0,11.79,10.16,0.0,0.0,0.016,0.0,24.4,0.55,0.0,0.0,0.0,0.0,8.0,0.0,0.15,7.0,0.0,0.0,0.0,0.0
16420,Legumes and Legume Products,"Soy protein concentrate, produced by acid wash",No name,No name,No name,331.0,58.13,0.46,30.91,20.0,5.5,0.0,0.134,0.0,0.0,0.0,340.0,0.716,0.142,0.316,363.0,0.976,10.78,140.0,4.19,839.0,0.8,4.4
21313,Fast Foods,"McDONALD'S, Hot Mustard Sauce",No name,McDonald's Corporation,No name,190.0,2.6,7.31,29.08,21.76,5.0,0.0,0.06,0.23,0.0,0.86,0.0,0.402,0.056,0.048,32.0,0.037000000000000005,0.86,24.0,0.22,57.0,0.0,0.36
21426,Fast Foods,"KFC, Fried Chicken, ORIGINAL RECIPE, Drumstick, meat only, skin and breading removed",KFC,Kentucky Fried Chicken,No name,175.0,26.3,7.66,0.11,0.0,0.0,0.0,0.248,0.64,0.0,0.0,0.0,5.277,0.264,0.05,16.0,0.083,1.04,23.0,0.056,223.0,30.9,2.5
28076,Baked Products,"KEEBLER, FUDGE SHOPPE, Cheesecake Middles, Dark Chocolate",No name,"Kellogg, Co.",No name,506.0,4.4,26.5,64.7,33.7,4.1,0.0,0.0,0.0,0.0,0.0,0.0,1.7,0.12,0.22,0.0,0.0,3.5,24.0,0.0,41.0,0.0,0.1
20068,Cereal Grains and Pasta,"Tapioca, pearl, dry",No name,No name,No name,358.0,0.19,0.02,88.69,3.35,0.9,0.0,0.008,0.0,0.0,0.0,4.0,0.0,0.0,0.004,20.0,0.02,1.58,1.0,0.11,7.0,0.8,0.12
11271,Vegetables and Vegetable Products,"Mustard greens, cooked, boiled, drained, without salt",No name,No name,No name,26.0,2.56,0.47,4.51,1.41,2.0,618.0,0.098,0.0,25.3,1.78,9.0,0.433,0.063,0.041,118.0,0.146,0.87,13.0,0.0,42.0,0.6,0.22
19822,Snacks,"Snacks, trail mix, regular, with chocolate chips, unsalted nuts and seeds",No name,No name,No name,484.0,14.2,31.9,44.9,0.0,0.0,13.0,0.259,0.0,1.3,0.0,65.0,4.405,0.224,0.413,109.0,0.8440000000000001,3.39,161.0,1.062,387.0,0.0,3.14
14078,Beverages,"Beverages, PEPSICO, Mountain Dew, Kickstart, Black Cherry",No name,Pepsi-Cola North America,No name,17.0,0.0,0.0,4.23,4.02,0.0,0.0,0.0,0.0,0.0,0.0,0.0,0.0,0.0,0.0,0.0,0.0,0.0,0.0,0.0,30.0,0.0,0.0
11119,Vegetables and Vegetable Products,"Cabbage, chinese (pe-tsai), raw",No name,No name,Brassica rapa (Pekinensis Group),16.0,1.2,0.2,3.23,1.41,1.2,16.0,0.232,0.0,27.0,0.12,79.0,0.4,0.05,0.04,77.0,0.036000000000000004,0.31,13.0,0.19,29.0,0.6,0.23
11211,Vegetables and Vegetable Products,"Edamame, frozen, unprepared",No name,No name,No name,110.0,10.25,4.73,8.58,2.48,4.8,0.0,0.135,0.0,9.7,0.72,303.0,0.925,0.265,0.15,60.0,0.324,2.11,61.0,1.01,161.0,0.0,1.32
11743,Vegetables and Vegetable Products,"Broccoli, frozen, chopped, cooked, boiled, drained, with salt",No name,No name,No name,28.0,3.1,0.12,5.35,1.47,3.0,51.0,0.13,0.0,40.1,1.32,56.0,0.458,0.081,0.055,33.0,0.034,0.61,13.0,0.223,49.0,0.7,0.28
11311,Vegetables and Vegetable Products,"Peas, green, canned, drained solids, rinsed in tap water",No name,No name,No name,71.0,4.33,0.95,11.82,0.0,0.0,0.0,0.0,0.0,9.3,0.0,30.0,1.012,0.04,0.067,24.0,0.108,1.09,18.0,0.222,65.0,0.0,0.68
10200,Pork Products,"Pork, fresh, loin, center rib (chops), boneless, separable lean only, cooked, braised",No name,No name,No name,211.0,27.95,10.14,0.0,0.0,0.0,2.0,0.331,0.44,0.3,0.21,4.0,4.519,0.258,0.5489999999999999,5.0,0.07400000000000001,0.99,19.0,0.01,173.0,45.4,2.16
8087,Breakfast Cereals,"Cereals ready-to-eat, GENERAL MILLS, Multi-Grain Cheerios",No name,General Mills Inc.,No name,370.0,8.3,4.09,81.4,21.2,8.7,502.0,1.72,5.19,20.7,0.62,1159.0,17.2,1.5,1.29,345.0,0.265,27.89,55.0,2.04,276.0,27.7,12.89
3265,Baby Foods,"Babyfood, juice, apple and grape",No name,No name,No name,46.0,0.1,0.2,11.34,10.9,0.1,0.0,0.034,0.0,31.5,0.0,1.0,0.109,0.021,0.006999999999999999,6.0,0.078,0.39,6.0,0.0,5.0,0.1,0.04
21319,Fast Foods,"McDONALD'S, Hash Brown",No name,McDonald's Corporation,No name,271.0,2.48,16.3,28.56,0.54,2.8,0.0,0.18,0.0,5.6,2.14,0.0,1.733,0.032,0.127,19.0,0.093,0.56,20.0,0.153,99.0,0.4,0.34
43390,Poultry Products,"Turkey, light or dark meat, smoked, cooked, with skin, bone removed",No name,No name,No name,208.0,28.1,9.7,0.0,0.0,0.0,0.0,0.41,0.35,0.0,0.34,7.0,5.09,0.18,0.06,26.0,0.093,1.79,25.0,0.0,203.0,30.3,2.96
1265,Dairy and Egg Products,"Cheese, cheddar, nonfat or fat free",No name,No name,No name,157.0,32.14,0.0,7.14,0.0,0.0,60.0,0.045,0.49,0.0,0.06,11.0,0.051,0.221,0.012,893.0,0.021,0.0,16.0,0.0,484.0,14.5,1.82
18615,Baked Products,"MARTHA WHITE FOODS, Martha White's Buttermilk Biscuit Mix, dry",No name,The J.M. Smucker Co.,No name,388.0,7.81,13.23,59.41,4.46,1.5,0.0,0.02,0.16,0.2,0.0,0.0,3.93,0.38,0.49,168.0,0.0,4.06,0.0,0.0,0.0,0.0,0.9
20040,Cereal Grains and Pasta,"Rice, brown, medium-grain, raw",No name,No name,No name,362.0,7.5,2.68,76.17,0.0,3.4,0.0,0.509,0.0,0.0,0.0,20.0,4.308,0.043,0.413,33.0,0.277,1.8,143.0,3.743,264.0,0.0,2.02
23313,Beef Products,"Beef, Australian, Wagyu, rib, small end rib steak/roast, boneless, separable lean only, Aust. marble score 4/5, raw","URMIS #1238, URMIS #1245",No name,No name,234.0,20.35,16.93,0.0,0.0,0.0,0.0,0.0,0.0,0.0,0.0,0.0,0.0,0.0,0.0,4.0,0.0,1.89,0.0,0.0,0.0,0.0,0.0
19418,Snacks,"Snacks, sesame sticks, wheat-based, salted",No name,No name,No name,541.0,10.9,36.7,46.5,0.19,2.8,0.0,0.086,0.0,0.0,3.85,22.0,1.5519999999999998,0.063,0.123,170.0,0.406,0.74,45.0,0.904,138.0,17.1,1.17
35156,American Indian/Alaska Native Foods,"Oil, spotted seal (Alaska Native)",No name,No name,No name,894.0,0.0,99.32,0.0,0.0,0.0,1044.0,0.0,0.0,0.0,6.28,0.0,0.0,0.0,0.0,0.0,0.0,0.0,0.0,0.0,0.0,2.2,0.0
11928,Vegetables and Vegetable Products,"Tree fern, cooked, with salt",No name,No name,No name,40.0,0.29,0.07,10.78,0.0,3.7,10.0,0.179,0.0,30.0,0.0,15.0,3.5,0.3,0.0,8.0,0.202,0.16,5.0,0.539,4.0,0.9,0.31
35165,American Indian/Alaska Native Foods,"Fish, whitefish, dried (Alaska Native)",No name,No name,No name,371.0,62.44,13.44,0.0,0.0,0.0,39.0,0.365,18.4,0.0,0.66,11.0,11.2,0.438,0.053,810.0,0.18,4.1,85.0,0.23,1040.0,113.0,5.0
7066,Sausages and Luncheon Meats,"Turkey sausage, reduced fat, brown and serve, cooked (include BUTTERBALL breakfast links turkey sausage)",No name,No name,No name,204.0,17.0,10.3,10.92,0.0,0.3,2.0,0.234,0.28,0.0,0.0,23.0,2.137,0.151,0.066,31.0,0.149,1.8,21.0,0.221,164.0,20.8,2.31
8649,Breakfast Cereals,"Cereals ready-to-eat, KASHI GOLEAN CRISP Cinnamon Crumble",No name,"Kellogg, Co.",No name,362.0,22.1,8.19,62.59,18.6,16.8,0.0,0.0,0.0,1.0,0.0,0.0,0.2,0.03,0.11,135.0,0.0,4.59,73.0,0.0,228.0,0.0,0.6
19260,Sweets,"Ice creams, vanilla, light, no sugar added",No name,No name,No name,169.0,3.97,7.45,21.42,6.46,0.0,86.0,0.029,0.52,0.9,0.29,4.0,0.07400000000000001,0.122,0.029,136.0,0.03,0.19,9.0,0.006,75.0,1.9,0.31
1015,Dairy and Egg Products,"Cheese, cottage, lowfat, 2% milkfat",No name,No name,No name,81.0,10.45,2.27,4.76,4.0,0.0,68.0,0.057,0.47,0.0,0.08,8.0,0.103,0.251,0.02,111.0,0.033,0.13,9.0,0.015,150.0,11.9,0.51
5332,Poultry Products,"Chicken, ground, raw",No name,No name,No name,143.0,17.44,8.1,0.04,0.0,0.0,0.0,0.512,0.56,0.0,0.27,1.0,5.575,0.241,0.109,6.0,0.065,0.82,21.0,0.016,178.0,10.2,1.47
3236,Baby Foods,"Babyfood, dessert, fruit dessert, without ascorbic acid, junior",No name,No name,No name,63.0,0.3,0.0,17.2,12.0,0.6,7.0,0.033,0.0,3.0,0.29,4.0,0.14400000000000002,0.012,0.021,9.0,0.03,0.21,5.0,0.0,8.0,0.4,0.05
21393,Fast Foods,"Fast foods, hamburger; single, regular patty; double decker bun with condiments and special sauce",No name,No name,No name,259.0,12.17,13.3,22.69,0.0,1.4,0.0,0.076,1.23,0.3,0.09,34.0,3.94,0.227,0.231,103.0,0.101,2.07,24.0,0.235,112.0,25.3,2.38
3089,Baby Foods,"Babyfood, dinner, macaroni and cheese, strained",No name,No name,No name,67.0,3.14,2.11,8.95,1.27,0.7,15.0,0.036000000000000004,0.27,0.1,0.02,15.0,0.516,0.076,0.038,66.0,0.02,0.21,8.0,0.09,86.0,3.8,0.4
23039,Beef Products,"Beef, chuck, shoulder clod, shoulder top and center steaks, separable lean and fat, trimmed to 0"" fat, select, raw","URMIS #1162, Ranch Cut Steak, Beef Value Cut, Center Cut Steak, Triceps Brachii",No name,No name,140.0,21.13,5.51,0.0,0.0,0.0,0.0,0.622,4.68,0.0,0.18,7.0,5.32,0.253,0.093,4.0,0.107,2.64,25.0,0.02,221.0,32.0,5.99
5691,Poultry Products,"Chicken, dark meat, thigh, meat and skin, enhanced, raw",No name,No name,No name,197.0,16.56,14.58,0.0,0.0,0.0,22.0,0.331,0.6,0.0,0.32,3.0,4.458,0.17600000000000002,0.071,8.0,0.046,0.57,16.0,0.008,147.0,17.7,1.24
10079,Pork Products,"Pork, fresh, shoulder, arm picnic, separable lean only, cooked, roasted",No name,No name,No name,228.0,26.68,12.62,0.0,0.0,0.0,0.0,0.41,0.78,0.3,0.0,5.0,4.314,0.35700000000000004,0.578,9.0,0.128,1.42,20.0,0.041,247.0,38.5,4.07
13982,Beef Products,"Beef, chuck, short ribs, boneless, separable lean only, trimmed to 0"" fat, all grades, cooked, braised","Beef, Chuck, Short Ribs, URMIS #1127",No name,No name,240.0,28.82,13.8,0.0,0.0,0.0,2.0,0.308,3.92,0.0,0.09,7.0,3.523,0.263,0.1,14.0,0.114,3.2,23.0,0.016,201.0,33.9,11.99
21144,Fast Foods,"CHICK-FIL-A, hash browns",No name,Chick-Fil-A,No name,301.0,3.0,18.5,30.51,0.54,3.2,0.0,0.23,0.0,6.2,3.0,0.0,2.407,0.06,0.163,22.0,0.108,0.65,25.0,0.163,100.0,0.4,0.45
21101,Fast Foods,"Fast foods, cheeseburger; triple, regular patty; plain",No name,No name,No name,310.0,18.2,19.17,16.16,3.29,0.5,0.0,0.211,1.56,0.0,0.0,0.0,4.263,0.273,0.14800000000000002,174.0,0.078,2.23,21.0,0.145,196.0,0.0,3.02
19804,Snacks,"Snacks, corn-based, extruded, chips, barbecue-flavor, made with enriched masa flour",No name,No name,No name,523.0,7.0,32.7,56.2,0.0,0.0,31.0,0.23,0.0,1.7,0.0,200.0,6.3,0.48,0.42,131.0,0.166,4.9,77.0,0.774,207.0,6.7,1.06
7039,Sausages and Luncheon Meats,"Lebanon bologna, beef",No name,No name,No name,172.0,19.03,10.44,0.44,0.0,0.0,12.0,0.391,2.9,0.9,0.57,6.0,3.2230000000000003,0.165,0.101,20.0,0.073,2.15,20.0,0.022,192.0,15.7,3.84
13596,Beef Products,"Beef, brisket, flat half, boneless, separable lean only, trimmed to 0"" fat, choice, raw","URMIS #1623, Beef, Brsket, Flat Half",No name,No name,137.0,21.28,5.75,0.0,0.0,0.0,2.0,0.617,1.73,0.0,0.17,3.0,6.452000000000001,0.165,0.07,13.0,0.073,2.04,24.0,0.002,224.0,22.9,5.15
23309,Beef Products,"Beef, Australian, grass-fed, round, top round cap-off steak/roast, boneless, separable lean only, raw","URMIS #1553, URMIS #1454",No name,No name,129.0,22.41,4.43,0.0,0.0,0.0,0.0,0.0,0.0,0.0,0.0,0.0,0.0,0.0,0.0,5.0,0.0,2.3,0.0,0.0,0.0,0.0,0.0
28099,Baked Products,"KEEBLER, FUDGE SHOPPE, Jumbo Fudge Sticks, Mint",No name,"Kellogg, Co.",No name,525.0,2.6,27.2,67.6,50.1,1.8,0.0,0.0,0.0,0.0,0.0,0.0,0.0,0.01,0.0,0.0,0.0,1.6,0.0,0.0,3.0,0.0,0.0
16001,Legumes and Legume Products,"Beans, adzuki, mature seeds, raw",No name,No name,Vigna angularis,329.0,19.87,0.53,62.9,0.0,12.7,1.0,0.35100000000000003,0.0,0.0,0.0,622.0,2.63,0.22,0.455,66.0,1.094,4.98,127.0,1.73,381.0,3.1,5.04
20132,Cereal Grains and Pasta,"Oat flour, partially debranned",No name,No name,No name,404.0,14.66,9.12,65.7,0.8,6.5,0.0,0.125,0.0,0.0,0.7,32.0,1.474,0.125,0.6920000000000001,55.0,0.4370000000000001,4.0,144.0,4.019,452.0,34.0,3.2
3099,Baby Foods,"Babyfood, vegetables, carrots, strained",No name,No name,No name,26.0,0.8,0.1,6.0,3.64,1.7,573.0,0.073,0.0,5.7,0.52,15.0,0.463,0.04,0.023,22.0,0.041,0.37,9.0,0.0,20.0,0.2,0.15
16508,Legumes and Legume Products,"LOMA LINDA Tender Bits, canned, unprepared",No name,"Kellogg, Co.",No name,135.0,15.1,4.6,8.3,0.6,4.3,0.0,0.1,0.1,0.0,0.0,0.0,6.6,0.6,0.5,17.0,0.0,1.6,0.0,0.0,88.0,0.0,1.0
18375,Baked Products,"Leavening agents, yeast, baker's, active dry",No name,No name,No name,325.0,40.44,7.61,41.22,0.0,26.9,0.0,1.5,0.07,0.3,0.0,2340.0,40.2,4.0,10.99,30.0,0.436,2.17,54.0,0.312,637.0,7.9,7.94
18371,Baked Products,"Leavening agents, baking powder, low-sodium",No name,No name,No name,97.0,0.1,0.4,46.9,0.0,2.2,0.0,0.0,0.0,0.0,0.0,0.0,0.0,0.0,0.0,4332.0,0.019,8.17,29.0,0.42,6869.0,0.2,0.72
5343,Poultry Products,"Chicken, broilers or fryers, drumstick, meat only, cooked, rotisserie, original seasoning",No name,No name,No name,176.0,28.74,6.81,0.0,0.0,0.0,10.0,0.19,0.49,0.0,0.3,10.0,5.957999999999998,0.237,0.067,21.0,0.092,1.09,24.0,0.023,257.0,38.2,2.96
12698,Nut and Seed Products,"Seeds, sesame butter, tahini, type of kernels unspecified",No name,No name,No name,592.0,17.4,53.01,21.5,0.0,4.7,3.0,0.15,0.0,4.2,0.0,98.0,5.64,0.12,1.59,141.0,1.61,4.42,95.0,0.0,790.0,34.4,4.62
11924,Vegetables and Vegetable Products,"Soybeans, mature seeds, sprouted, cooked, stir-fried, with salt",No name,No name,No name,125.0,13.1,7.1,9.4,0.0,0.8,1.0,0.168,0.0,12.0,0.0,127.0,1.1,0.19,0.42,82.0,0.527,0.4,96.0,1.133,216.0,0.6,2.1
1096,Dairy and Egg Products,"Milk, canned, evaporated, with added vitamin D and without added vitamin A",No name,No name,No name,134.0,6.81,7.56,10.04,10.04,0.0,65.0,0.05,0.16,1.9,0.14,8.0,0.194,0.316,0.047,261.0,0.016,0.19,24.0,0.006,203.0,2.3,0.77
17283,"Lamb, Veal, and Game Products","Lamb, Australian, imported, fresh, composite of trimmed retail cuts, separable lean only, trimmed to 1/8"" fat, cooked",No name,No name,No name,201.0,26.71,9.63,0.0,0.0,0.0,0.0,0.394,3.01,0.0,0.0,0.0,5.812,0.36,0.131,16.0,0.153,2.05,24.0,0.014,207.0,11.0,5.14
20105,Cereal Grains and Pasta,"Macaroni, vegetable, dry, enriched",No name,No name,No name,367.0,13.14,1.04,74.88,0.0,4.3,8.0,0.129,0.0,0.0,0.0,460.0,7.3279999999999985,0.525,1.032,34.0,0.2,4.28,46.0,3.846,116.0,0.0,0.76
20422,Cereal Grains and Pasta,"Cornmeal, degermed, unenriched, yellow",No name,No name,No name,370.0,7.11,1.75,79.45,1.61,3.9,11.0,0.182,0.0,0.0,0.12,30.0,1.0,0.05,0.14,3.0,0.076,1.1,32.0,0.174,99.0,10.5,0.66
6440,"Soups, Sauces, and Gravies","Soup, minestrone, canned, prepared with equal volume water",No name,No name,No name,34.0,1.77,1.04,4.66,0.0,0.4,49.0,0.041,0.0,0.5,0.0,21.0,0.391,0.018000000000000002,0.022,14.0,0.051,0.38,3.0,0.152,23.0,0.0,0.31
20058,Cereal Grains and Pasta,"Rice, white, steamed, Chinese restaurant",No name,No name,No name,151.0,3.2,0.27,33.88,0.0,0.9,0.0,0.022,0.0,0.0,0.0,5.0,0.5660000000000001,0.015,0.016,5.0,0.048,0.39,5.0,0.448,33.0,0.0,0.68
5134,Poultry Products,"Chicken, capons, meat and skin and giblets and neck, cooked, roasted",No name,No name,No name,226.0,28.35,11.67,0.04,0.0,0.0,220.0,0.41,0.36,0.4,0.0,26.0,8.415,0.219,0.07,15.0,0.081,1.79,23.0,0.031,239.0,19.3,1.94
6225,"Soups, Sauces, and Gravies","PREGO Pasta, Garlic Supreme Italian Sauce, ready-to-serve",No name,Campbell Soup Co.,No name,85.0,1.54,3.08,13.08,10.0,2.3,0.0,0.0,0.0,0.9,0.0,0.0,0.0,0.0,0.0,31.0,0.0,0.83,0.0,0.0,0.0,0.0,0.0
14437,Beverages,"Water, bottled, non-carbonated, CALISTOGA",No name,Nestle Waters North America Inc.,No name,0.0,0.0,0.0,0.0,0.0,0.0,0.0,0.0,0.0,0.0,0.0,0.0,0.0,0.0,0.0,0.0,0.0,0.0,0.0,0.0,0.0,0.0,0.0
18438,Baked Products,"English muffins, plain, unenriched, with calcium propionate (includes sourdough)",No name,No name,No name,235.0,7.7,1.8,46.0,0.0,2.7,0.0,0.043,0.04,0.0,0.0,37.0,1.5659999999999998,0.154,0.181,174.0,0.129,0.89,21.0,0.35700000000000004,133.0,0.0,0.7
22908,"Meals, Entrees, and Side Dishes","Beef, corned beef hash, with potato, canned",No name,Hormel Foods Corp.,No name,164.0,8.73,10.24,9.27,0.34,1.1,0.0,0.231,0.41,0.9,0.04,7.0,1.5719999999999998,0.05,0.069,19.0,0.0,1.0,13.0,0.084,56.0,7.5,1.4
27034,"Soups, Sauces, and Gravies","CAMPBELL'S, 98% Fat Free Cream of Mushroom Soup, condensed",No name,Campbell Soup Co.,No name,53.0,1.1,1.98,7.63,0.25,1.2,0.0,0.0,0.0,0.1,0.0,0.0,0.0,0.0,0.0,8.0,0.0,0.31,21.0,0.0,27.0,0.0,0.18
1034,Dairy and Egg Products,"Cheese, port de salut",No name,No name,No name,352.0,23.78,28.2,0.57,0.57,0.0,315.0,0.053,1.5,0.0,0.24,18.0,0.06,0.24,0.014,650.0,0.022,0.43,24.0,0.011,360.0,14.5,2.6
28211,Baked Products,"MURRAY, Chocolatey Chip Thins Cookies",No name,"Kellogg, Co.",No name,466.0,7.1,16.4,73.6,23.2,2.0,0.0,0.03,0.0,0.0,0.0,0.0,4.0,0.33,0.52,0.0,0.0,3.3,19.0,0.0,80.0,0.0,0.5
28205,Baked Products,"MOTHER'S, Macaroon Cookies",No name,"Kellogg, Co.",No name,552.0,6.1,34.1,55.7,25.4,4.1,0.0,0.21,0.1,0.0,0.0,0.0,2.3,0.24,0.3,0.0,0.0,2.4,26.0,0.0,116.0,0.0,0.7
21149,Fast Foods,"School Lunch Pizza, TONY'S Breakfast Pizza Sausage- frozen",school lunch,No name,No name,240.0,10.39,10.04,26.99,5.87,2.0,0.0,0.097,1.03,0.0,0.0,0.0,3.125,0.28,0.26,176.0,0.0,2.1,28.0,0.0,210.0,0.0,1.94
13795,Beef Products,"Beef, composite of trimmed retail cuts, separable lean and fat, trimmed to 1/8"" fat, all grades, raw",No name,No name,No name,234.0,18.68,17.15,0.0,0.0,0.0,0.0,0.39,2.95,0.0,0.0,6.0,3.23,0.16,0.1,7.0,0.071,1.91,19.0,0.013,177.0,14.0,3.75
18048,Baked Products,"Bread, raisin, toasted, enriched",No name,No name,No name,297.0,8.6,4.8,56.9,6.18,4.7,0.0,0.068,0.0,0.4,0.31,148.0,3.391,0.39,0.294,72.0,0.215,3.15,28.0,0.545,118.0,21.7,0.78
4654,Fats and Oils,"Oil, industrial, soy (partially hydrogenated)  and cottonseed, principal use as a tortilla shortening",No name,No name,No name,884.0,0.0,100.0,0.0,0.0,0.0,0.0,0.0,0.0,0.0,12.1,0.0,0.0,0.0,0.0,0.0,0.0,0.0,0.0,0.0,0.0,0.0,0.0
11049,Vegetables and Vegetable Products,"Beans, pinto, immature seeds, frozen, cooked, boiled, drained, without salt",No name,No name,No name,162.0,9.31,0.48,30.88,0.0,8.6,0.0,0.194,0.0,0.7,0.0,34.0,0.632,0.108,0.274,52.0,0.08800000000000001,2.71,54.0,0.493,100.0,1.4,0.69
19802,Snacks,"Snacks, corn-based, extruded, puffs or twists, cheese-flavor, unenriched",No name,No name,No name,558.0,5.76,35.76,54.1,2.76,2.2,0.0,0.064,0.48,0.0,5.12,180.0,5.7429999999999986,0.2,0.155,58.0,0.063,1.1,20.0,0.095,108.0,3.0,0.6
9092,Fruits and Fruit Juices,"Figs, canned, heavy syrup pack, solids and liquids",No name,No name,No name,88.0,0.38,0.1,22.9,20.7,2.2,2.0,0.07,0.0,1.0,0.12,2.0,0.428,0.037000000000000005,0.022,27.0,0.106,0.28,10.0,0.084,10.0,0.2,0.11
9034,Fruits and Fruit Juices,"Apricots, dried, sulfured, stewed, with added sugar",No name,No name,No name,113.0,1.17,0.15,29.26,0.0,4.1,107.0,0.103,0.0,1.4,0.0,0.0,0.853,0.027000000000000003,0.005,15.0,0.138,1.52,15.0,0.08800000000000001,38.0,0.0,0.24
16359,Legumes and Legume Products,"Chickpeas (garbanzo beans, bengal gram), mature seeds, canned, drained, rinsed in tap water",No name,No name,No name,138.0,7.04,2.47,22.87,4.0,6.3,1.0,0.116,0.0,0.1,0.29,41.0,0.125,0.015,0.025,43.0,0.25,0.98,24.0,0.8,80.0,3.1,0.59
11533,Vegetables and Vegetable Products,"Tomatoes, red, ripe, canned, stewed",No name,No name,No name,26.0,0.91,0.19,6.19,3.52,1.0,9.0,0.017,0.0,7.9,0.83,5.0,0.7140000000000001,0.035,0.046,34.0,0.112,1.33,12.0,0.059,20.0,0.6,0.17
23275,Beef Products,"Beef, ribeye petite roast, boneless, separable lean only, trimmed to 0"" fat, all grades, cooked, roasted",Longissimus dorsi,No name,No name,178.0,28.15,7.31,0.0,0.0,0.0,2.0,0.539,4.01,0.0,0.0,7.0,5.691,0.224,0.057,6.0,0.096,2.68,28.0,0.0,254.0,35.6,7.0
16096,Legumes and Legume Products,"Peanuts, virginia, oil-roasted, with salt",No name,No name,No name,578.0,25.87,48.62,19.86,0.0,8.9,0.0,0.254,0.0,0.0,0.0,125.0,14.7,0.112,0.276,86.0,1.273,1.67,188.0,2.008,506.0,7.5,6.62
20066,Cereal Grains and Pasta,"Semolina, enriched",No name,No name,No name,360.0,12.68,1.05,72.83,0.0,3.9,0.0,0.103,0.0,0.0,0.26,261.0,5.99,0.5710000000000001,0.8109999999999999,17.0,0.189,4.36,47.0,0.619,136.0,89.4,1.05
7065,Sausages and Luncheon Meats,"Pork and beef sausage, fresh, cooked",No name,No name,No name,396.0,13.8,36.25,2.7,0.0,0.0,0.0,0.05,0.43,0.0,0.22,2.0,3.367,0.147,0.35700000000000004,10.0,0.04,1.13,12.0,0.037000000000000005,107.0,14.4,1.87
13345,Beef Products,"Beef, cured, breakfast strips, cooked",No name,No name,No name,449.0,31.3,34.4,1.4,0.0,0.0,0.0,0.31,3.45,0.0,0.29,8.0,6.47,0.26,0.09,9.0,0.116,3.14,27.0,0.017,236.0,26.8,6.37
17364,"Lamb, Veal, and Game Products","Lamb, New Zealand, imported, kidney, cooked, soaked and fried",No name,No name,No name,112.0,19.78,3.56,0.18,0.0,0.0,85.0,0.23,55.56,0.0,0.57,0.0,9.064,1.529,0.462,9.0,0.415,14.7,19.0,0.105,312.0,105.0,2.36
5695,Poultry Products,"Turkey, enhanced, dark meat, meat only, cooked, roasted",No name,No name,No name,158.0,26.1,6.0,0.0,0.0,0.0,5.0,0.435,1.65,0.0,0.07,8.0,6.827000000000001,0.335,0.056,16.0,0.128,1.07,24.0,0.017,208.0,31.4,3.4
6167,"Soups, Sauces, and Gravies","Sauce, homemade, white, thick",No name,No name,No name,186.0,3.99,13.83,11.61,3.98,0.3,130.0,0.038,0.26,0.7,0.38,15.0,0.589,0.19,0.08800000000000001,111.0,0.021,0.5,14.0,0.067,96.0,5.2,0.4
7272,Sausages and Luncheon Meats,"CARL BUDDIG, Smoked Sliced Beef",No name,No name,No name,139.0,19.3,6.5,0.6,0.0,0.0,0.0,0.0,0.0,0.0,0.0,0.0,3.86,0.24,0.09,14.0,0.0,2.26,0.0,0.0,0.0,0.0,0.0
23554,Beef Products,"Beef, shoulder steak, boneless, separable lean and fat, trimmed to 0"" fat, all grades, cooked, grilled",URMIS #1133,No name,No name,182.0,28.29,6.8,0.0,0.0,0.0,6.0,0.669,3.39,0.0,0.1,7.0,5.481,0.222,0.08900000000000001,12.0,0.104,2.9,25.0,0.013,245.0,31.7,8.04
4641,Fats and Oils,"Salad dressing, mayonnaise, light",lite mayonnaise,No name,No name,238.0,0.37,22.22,9.23,3.56,0.0,8.0,0.002,0.0,0.0,2.19,4.0,0.01,0.0,0.008,6.0,0.019,0.14,2.0,0.006999999999999999,15.0,2.6,0.07
19068,Sweets,"Candies, NESTLE, BIT-O'-HONEY Candy Chews",No name,"Nestle USA, Inc.",No name,375.0,2.0,7.5,80.89,48.0,0.2,0.0,0.009000000000000001,0.06,0.8,0.3,2.0,0.069,0.044,0.06,35.0,0.026,0.2,7.0,0.038,28.0,1.3,0.49
43135,Legumes and Legume Products,"Sandwich spread, meatless",No name,No name,No name,149.0,8.0,9.0,9.0,4.58,3.3,0.0,1.1,3.1,0.0,1.73,103.0,13.0,0.7,0.6,44.0,0.649,1.5,127.0,0.765,220.0,0.5,1.3
23330,Beef Products,"Beef, round, eye of round roast, boneless, separable lean and fat, trimmed to 0"" fat, all grades, raw",Eye of Round Roast,No name,No name,124.0,23.27,3.44,0.0,0.0,0.0,3.0,0.6409999999999999,1.83,0.0,0.24,4.0,6.687,0.183,0.063,13.0,0.042,1.45,12.0,0.001,221.0,22.4,3.4
21350,Fast Foods,"McDONALD'S, BIG MAC (without Big Mac Sauce)",No name,McDonald's Corporation,No name,234.0,12.79,11.57,21.01,3.7,1.7,0.0,0.0,0.94,0.4,0.0,0.0,3.693,0.223,0.19,124.0,0.105,2.14,21.0,0.218,130.0,0.0,2.07
21247,Fast Foods,"WENDY'S, french fries",No name,"Wendy's International, Inc.",No name,301.0,3.73,14.1,39.73,0.4,4.0,0.0,0.387,0.0,3.8,2.0,0.0,3.007,0.053,0.157,16.0,0.159,0.93,33.0,0.271,126.0,0.8,0.54
16241,Legumes and Legume Products,"SILK Plus Omega-3 DHA, soymilk",No name,WhiteWave Foods Company,No name,45.0,2.88,2.06,3.29,2.47,0.4,0.0,0.0,1.23,0.0,0.0,0.0,0.0,0.21,0.0,144.0,0.0,0.44,16.0,0.0,0.0,2.3,0.25
19875,Sweets,"Ice creams, BREYERS, All Natural Light Vanilla",No name,Good Humor - Breyers Ice Cream,No name,162.0,4.84,4.59,25.3,22.78,0.2,0.0,0.0,0.0,1.1,0.0,0.0,0.0,0.0,0.0,169.0,0.0,0.06,0.0,0.0,0.0,0.0,0.0
11361,Vegetables and Vegetable Products,"Potatoes, roasted, salt added in processing, frozen, unprepared",No name,No name,No name,130.0,2.22,1.81,26.15,0.69,2.6,0.0,0.0,0.0,1.7,0.0,0.0,0.0,0.0,0.0,15.0,0.0,0.5,0.0,0.0,0.0,0.0,0.0
28263,Baked Products,"KEEBLER, Grahams, Cinnamon Crisp",No name,"Kellogg, Co.",No name,430.0,5.9,12.2,76.3,26.9,3.3,0.0,0.02,0.0,0.0,0.0,0.0,3.5,0.24,0.44,381.0,0.0,3.5,12.0,0.0,110.0,0.0,0.5
21334,Fast Foods,"McDONALD'S, Strawberry Sundae",No name,McDonald's Corporation,No name,158.0,3.19,3.95,28.09,25.32,0.0,81.0,0.05,0.49,1.5,0.0,0.0,0.131,0.195,0.039,110.0,0.015,0.1,11.0,0.071,91.0,0.0,0.39
7932,Sausages and Luncheon Meats,"Chicken breast, fat-free, mesquite flavor, sliced",No name,No name,No name,80.0,16.8,0.39,2.25,0.2,0.0,0.0,0.12,0.07,0.0,0.0,1.0,2.742,0.023,0.014,4.0,0.23,0.3,36.0,0.034,256.0,6.1,0.6
18361,Baked Products,"Toaster pastries, brown-sugar-cinnamon",No name,No name,No name,370.0,4.06,7.98,72.64,27.24,2.3,0.0,0.58,0.0,0.0,1.33,0.0,7.23,0.6,0.66,293.0,0.098,5.62,18.0,0.534,84.0,3.5,0.55
17022,"Lamb, Veal, and Game Products","Lamb, domestic, leg, sirloin half, separable lean only, trimmed to 1/4"" fat, choice, cooked, roasted",No name,No name,No name,204.0,28.35,9.17,0.0,0.0,0.0,0.0,0.17,2.58,0.0,0.17,21.0,6.27,0.31,0.12,8.0,0.119,2.2,25.0,0.028,203.0,30.8,4.85
15102,Finfish and Shellfish Products,"Fish, snapper, mixed species, cooked, dry heat",No name,No name,No name,128.0,26.3,1.72,0.0,0.0,0.0,35.0,0.46,3.5,1.6,0.0,6.0,0.34600000000000003,0.004,0.053,40.0,0.046,0.24,37.0,0.017,201.0,49.0,0.44
11878,Vegetables and Vegetable Products,"Taro, cooked, with salt",No name,No name,No name,142.0,0.52,0.11,34.6,0.49,5.1,4.0,0.331,0.0,5.0,2.93,19.0,0.51,0.028,0.107,18.0,0.201,0.72,30.0,0.449,76.0,0.9,0.27
11204,Vegetables and Vegetable Products,"Cress, garden, cooked, boiled, drained, without salt",No name,No name,No name,23.0,1.9,0.6,3.8,3.11,0.7,232.0,0.157,0.0,23.0,0.5,37.0,0.8,0.16,0.06,61.0,0.114,0.8,26.0,0.3720000000000001,48.0,0.9,0.15
10150,Pork Products,"Pork, cured, ham, whole, separable lean and fat, unheated",No name,No name,No name,246.0,18.49,18.52,0.06,0.0,0.0,0.0,0.41,0.74,34.9,0.27,1.0,4.463,0.189,0.777,7.0,0.071,0.71,15.0,0.028,201.0,15.3,1.76
23473,Beef Products,"Beef, ground, 93% lean meat / 7% fat, patty, cooked, broiled",hamburger,No name,No name,185.0,26.22,8.94,0.0,0.0,0.0,3.0,0.406,2.51,0.0,0.12,7.0,5.827000000000001,0.17600000000000002,0.043,9.0,0.094,2.78,22.0,0.014,205.0,21.5,6.41
19063,Snacks,"Snacks, tortilla chips, taco-flavor",No name,No name,No name,480.0,7.9,24.2,63.1,0.0,5.3,45.0,0.297,0.0,0.9,0.0,21.0,1.999,0.204,0.242,155.0,0.18600000000000005,2.02,88.0,0.442,239.0,6.7,1.27
20004,Cereal Grains and Pasta,"Barley, hulled",No name,No name,Hordeum vulgare L.,354.0,12.48,2.3,73.48,0.8,17.3,1.0,0.318,0.0,0.0,0.57,19.0,4.604,0.285,0.6459999999999999,33.0,0.498,3.6,133.0,1.943,264.0,37.7,2.77
7920,Sausages and Luncheon Meats,"Swisswurst, pork and beef, with swiss cheese, smoked",No name,No name,No name,307.0,12.69,27.37,1.6,0.0,0.0,100.0,0.13,1.73,0.0,0.0,3.0,2.9,0.16,0.249,74.0,0.07,0.72,13.0,0.032,178.0,7.5,2.25
19248,Sweets,"Candies, HERSHEY'S, ALMOND JOY BITES",No name,Hershey Food Corp.,No name,563.0,5.58,34.5,57.54,51.71,4.3,0.0,0.06,0.0,1.0,0.0,0.0,0.33,0.16,0.04,109.0,0.18,1.33,38.0,0.0,129.0,0.0,0.79
20097,Cereal Grains and Pasta,"Pasta, homemade, made with egg, cooked",No name,No name,No name,130.0,5.28,1.74,23.54,0.0,0.0,17.0,0.037000000000000005,0.1,0.0,0.0,60.0,1.257,0.174,0.173,10.0,0.056,1.16,14.0,0.183,52.0,0.0,0.44
9063,Fruits and Fruit Juices,"Cherries, sour, red, raw",No name,No name,Prunus cerasus,50.0,1.0,0.3,12.18,8.49,1.6,64.0,0.044,0.0,10.0,0.07,8.0,0.4,0.04,0.03,16.0,0.104,0.32,9.0,0.112,15.0,0.0,0.1
23327,Beef Products,"Beef, round, top round roast, boneless, separable lean and fat, trimmed to 0"" fat, all grades, raw",Top Round Roast,No name,No name,125.0,23.45,3.5,0.0,0.0,0.0,3.0,0.631,1.64,0.0,0.23,4.0,6.4220000000000015,0.234,0.063,13.0,0.048,2.33,12.0,0.004,219.0,22.1,3.67
19255,Sweets,"Candies, MARS SNACKFOOD US, DOVE Dark Chocolate",No name,Masterfoods USA,No name,520.0,5.19,32.45,59.4,46.27,7.6,0.0,0.0,0.0,0.0,0.0,0.0,0.0,0.0,0.0,37.0,0.0,3.18,0.0,0.0,0.0,0.0,0.0
13890,Beef Products,"Beef, round, top round, separable lean only, trimmed to 1/8"" fat, choice, cooked, pan-fried","URMIS #2368, Round Steak, London Broil, Minute Steak",No name,No name,228.0,33.93,8.33,2.03,0.0,0.0,0.0,0.5820000000000001,3.9,0.0,0.17,14.0,5.394,0.315,0.12,6.0,0.129,3.4,35.0,0.02,286.0,34.5,4.58
11128,Vegetables and Vegetable Products,"Carrots, canned, regular pack, drained solids",No name,No name,No name,25.0,0.64,0.19,5.54,2.48,1.5,558.0,0.112,0.0,2.7,0.74,9.0,0.552,0.03,0.018000000000000002,25.0,0.104,0.64,8.0,0.45,24.0,0.4,0.26
8074,Breakfast Cereals,"Cereals ready-to-eat, RALSTON TASTEEOS",Includes USDA Commodity B853,Ralston Foods,No name,357.0,10.71,5.36,75.5,3.57,10.7,1071.0,1.786,5.36,21.4,0.43,1201.0,17.857,1.518,1.339,357.0,0.429,32.14,143.0,2.7,536.0,47.0,13.39
8365,Breakfast Cereals,"Cereals ready-to-eat, QUAKER, Shredded Wheat, bagged cereal",No name,"The Quaker Oats, Co.",No name,348.0,11.24,2.01,81.01,0.81,11.8,0.0,0.256,0.0,0.0,0.0,51.0,5.24,0.105,0.226,45.0,0.0,3.33,172.0,0.0,362.0,0.0,2.54
5730,Poultry Products,"Turkey, wing, from whole bird, enhanced, meat only, roasted",No name,No name,No name,127.0,26.97,2.08,0.0,0.0,0.0,3.0,0.6970000000000001,1.7,0.0,0.06,9.0,11.75,0.208,0.038,13.0,0.062,0.55,30.0,0.011,255.0,30.2,1.49
1018,Dairy and Egg Products,"Cheese, edam",No name,No name,No name,357.0,24.99,27.8,1.43,1.43,0.0,243.0,0.076,1.54,0.0,0.24,16.0,0.08199999999999999,0.389,0.037000000000000005,731.0,0.036000000000000004,0.44,30.0,0.011,536.0,14.5,3.75
11553,Vegetables and Vegetable Products,"Tomato products, canned, sauce, with onions",No name,No name,No name,42.0,1.56,0.19,9.94,0.0,1.8,43.0,0.267,0.0,12.7,0.0,22.0,1.242,0.133,0.073,17.0,0.181,0.93,19.0,0.301,39.0,0.8,0.23
7269,Sausages and Luncheon Meats,"BUTCHER BOY MEATS, INC., Turkey Franks","hot dog, wiener, frankfurter",No name,No name,239.0,13.45,18.17,4.66,2.49,0.2,15.0,0.208,0.25,0.8,0.0,7.0,2.089,0.145,0.057,148.0,0.098,1.83,14.0,0.0,246.0,0.0,2.88
17093,"Lamb, Veal, and Game Products","Veal, composite of trimmed retail cuts, separable fat, cooked",No name,No name,No name,642.0,9.42,66.74,0.0,0.0,0.0,0.0,0.11,0.55,0.0,0.25,5.0,2.79,0.12,0.02,4.0,0.044,1.0,10.0,0.012,116.0,5.5,0.87
13066,Beef Products,"Beef, flank, steak, separable lean and fat, trimmed to 0"" fat, choice, cooked, braised",No name,No name,No name,263.0,26.98,16.44,0.0,0.0,0.0,0.0,0.35,3.3,0.0,0.69,9.0,4.42,0.18,0.14,6.0,0.119,3.33,23.0,0.018000000000000002,256.0,30.4,5.77
8239,Breakfast Cereals,"Cereals ready-to-eat, GENERAL MILLS, Berry Burst CHEERIOS, Triple Berry",No name,General Mills Inc.,No name,378.0,8.8,4.5,80.5,27.0,7.6,549.0,1.852,5.6,22.2,0.44,1246.0,18.5,1.6,1.4,370.0,0.253,16.7,89.0,2.32,222.0,18.5,13.9
3229,Baby Foods,"Babyfood, dessert, peach melba, strained",No name,No name,No name,60.0,0.2,0.0,16.5,0.0,0.0,56.0,0.006,0.0,31.4,0.0,0.0,0.343,0.036000000000000004,0.006,10.0,0.17800000000000002,0.33,2.0,0.0,5.0,0.0,0.28
11359,Vegetables and Vegetable Products,"Potatoes, french fried, crinkle or regular cut, salt added in processing, frozen, as purchased",No name,No name,No name,150.0,2.34,4.99,23.96,0.21,2.0,0.0,0.196,0.0,7.7,0.1,31.0,2.14,0.037000000000000005,0.106,13.0,0.077,0.62,21.0,0.157,81.0,0.5,0.34
16370,Legumes and Legume Products,"Lentils, mature seeds, cooked, boiled, with salt",No name,No name,No name,114.0,9.02,0.38,19.54,1.8,7.9,0.0,0.17800000000000002,0.0,1.5,0.11,181.0,1.06,0.073,0.16899999999999998,19.0,0.251,3.33,36.0,0.494,180.0,2.8,1.27
13801,Beef Products,"Beef, composite of trimmed retail cuts, separable lean and fat, trimmed to 1/8"" fat, prime, raw",No name,No name,No name,265.0,18.72,20.49,0.0,0.0,0.0,0.0,0.39,2.84,0.0,0.0,6.0,3.41,0.15,0.09,7.0,0.069,1.83,19.0,0.013,176.0,14.8,3.49
2015,Spices and Herbs,"Spices, curry powder",No name,No name,No name,325.0,14.29,14.01,55.83,2.76,53.2,1.0,0.105,0.0,0.7,25.24,56.0,3.26,0.2,0.17600000000000002,525.0,1.2,19.1,255.0,8.3,367.0,40.3,4.7
8489,Breakfast Cereals,"Cereals, MALT-O-MEAL, Maple & Brown Sugar Hot Wheat Cereal, dry",No name,MOM Brands,No name,368.0,8.82,0.47,80.52,28.0,1.8,0.0,1.74,0.0,1.0,0.03,1498.0,17.12,0.93,1.05,318.0,0.0,31.29,15.0,0.0,125.0,0.0,0.5
19118,Sweets,"Candies, NESTLE, OH HENRY! Bar",No name,"Nestle USA, Inc.",No name,462.0,7.7,23.0,65.5,46.2,1.9,0.0,0.086,0.2,0.0,2.21,44.0,2.545,0.121,0.149,69.0,0.353,0.5,51.0,0.535,140.0,3.2,1.19
13851,Beef Products,"Beef, rib, small end (ribs 10-12), separable lean and fat, trimmed to 1/8"" fat, all grades, cooked, broiled",Prime Rib,No name,No name,291.0,25.85,20.04,0.0,0.0,0.0,0.0,0.541,1.52,0.0,0.49,8.0,6.881,0.125,0.07,19.0,0.078,1.66,22.0,0.009000000000000001,201.0,28.0,4.67
42158,Fats and Oils,"Creamy dressing, made with sour cream and/or buttermilk and oil, reduced calorie, cholesterol-free",No name,No name,No name,140.0,1.0,8.0,16.0,3.28,0.0,18.0,0.02,0.1,0.0,4.92,4.0,0.04,0.06,0.01,36.0,0.0,0.26,5.0,0.0,100.0,1.6,0.18
21141,Fast Foods,"BURGER KING, Vanilla Shake",No name,Burger King Corporation,No name,168.0,3.19,8.74,19.03,11.67,0.0,0.0,0.03,0.36,0.0,0.32,0.0,0.09,0.18,0.0,104.0,0.19,0.42,12.0,0.061,97.0,3.2,0.67
18240,Baked Products,"Croissants, apple",No name,No name,No name,254.0,7.4,8.7,37.1,0.0,2.5,94.0,0.032,0.2,0.5,0.0,88.0,1.6,0.16399999999999998,0.232,30.0,0.04,1.1,13.0,0.21,58.0,19.0,1.03
19117,Sweets,"Candies, halavah, plain",No name,No name,No name,469.0,12.49,21.52,60.49,0.0,4.5,0.0,0.348,0.04,0.1,0.0,65.0,2.8560000000000003,0.08800000000000001,0.424,33.0,1.202,4.53,218.0,0.873,607.0,11.5,4.32
19195,Sweets,"Puddings, rice, dry mix, prepared with whole milk",No name,No name,No name,121.0,3.25,2.82,20.68,0.0,0.1,29.0,0.034,0.24,0.7,0.0,4.0,0.441,0.138,0.07400000000000001,103.0,0.02,0.37,13.0,0.059,85.0,1.8,0.38
5735,Poultry Products,"Turkey, retail parts, wing, meat and skin, cooked, roasted",No name,No name,No name,235.0,28.74,13.29,0.13,0.0,0.0,24.0,0.59,1.36,0.0,0.17,9.0,8.876,0.205,0.037000000000000005,14.0,0.07,1.0,24.0,0.006999999999999999,192.0,28.4,2.99
17292,"Lamb, Veal, and Game Products","Lamb, Australian, imported, fresh, leg, whole (shank and sirloin), separable lean only, trimmed to 1/8"" fat, raw",No name,No name,No name,135.0,20.46,5.23,0.0,0.0,0.0,0.0,0.406,3.01,0.0,0.0,0.0,5.56,0.32,0.155,8.0,0.196,1.64,23.0,0.013,192.0,4.6,4.25
11363,Vegetables and Vegetable Products,"Potatoes, baked, flesh, without salt",No name,No name,No name,93.0,1.96,0.1,21.55,1.7,1.5,0.0,0.301,0.0,12.8,0.04,9.0,1.395,0.021,0.105,5.0,0.215,0.35,25.0,0.161,50.0,0.3,0.29
6035,"Soups, Sauces, and Gravies","Soup, escarole, canned, ready-to-serve",No name,No name,No name,11.0,0.62,0.73,0.72,0.0,0.0,44.0,0.09,0.2,1.8,0.0,14.0,0.93,0.02,0.03,13.0,0.15,0.3,2.0,0.5,32.0,0.0,0.9
9118,Fruits and Fruit Juices,"Grapefruit, raw, white, Florida",No name,No name,Citrus paradisi,32.0,0.63,0.1,8.19,0.0,0.0,0.0,0.043,0.0,37.0,0.0,9.0,0.2,0.02,0.04,15.0,0.056,0.05,9.0,0.011,7.0,0.0,0.07
1218,Dairy and Egg Products,"Yogurt, fruit variety, nonfat, fortified with vitamin D",No name,No name,No name,95.0,4.4,0.2,19.0,19.0,0.0,2.0,0.04,0.47,0.7,0.06,9.0,0.1,0.18,0.04,152.0,0.011,0.07,15.0,0.035,119.0,6.0,0.74
13911,Beef Products,"Beef, loin, top loin, separable lean and fat, trimmed to 1/8"" fat, choice, raw","URMIS # 2219, Club Steak, Kansas City Strip, New York Strip, Boneless strip steak",No name,No name,237.0,19.32,17.1,0.0,0.0,0.0,0.0,0.4,2.79,0.0,0.0,0.0,3.95,0.14,0.09,6.0,0.071,1.61,19.0,0.013,166.0,16.6,3.2
11233,Vegetables and Vegetable Products,"Kale, raw",No name,No name,Brassica oleracea (Acephala Group),49.0,4.28,0.93,8.75,2.26,3.6,500.0,0.271,0.0,120.0,1.54,141.0,1.0,0.13,0.11,150.0,1.499,1.47,47.0,0.659,92.0,0.9,0.56
19221,Sweets,"Rennin, chocolate, dry mix, prepared with whole milk",No name,No name,No name,96.0,3.2,3.34,13.34,0.0,0.5,27.0,0.041,0.32,0.8,0.0,5.0,0.106,0.152,0.036000000000000004,124.0,0.083,0.3,20.0,0.068,97.0,2.1,0.5
10115,Pork Products,"Pork, fresh, variety meats and by-products, pancreas, raw",No name,No name,No name,199.0,18.56,13.24,0.0,0.0,0.0,0.0,0.46,16.4,15.3,0.0,3.0,3.45,0.46,0.105,11.0,0.09,2.13,17.0,0.157,234.0,40.8,2.62
19204,Sweets,"Puddings, lemon, dry mix, instant, prepared with 2% milk",No name,No name,No name,107.0,2.76,1.71,20.2,0.0,0.0,46.0,0.036000000000000004,0.3,0.8,0.0,4.0,0.07200000000000001,0.13699999999999998,0.033,101.0,0.009000000000000001,0.06,11.0,0.003,207.0,2.0,0.33
16605,Legumes and Legume Products,"MORNINGSTAR FARMS Entree Chik'n Enchilada with Rice, frozen, unprepared",No name,"Kellogg, Co.",No name,102.0,4.6,2.6,17.3,2.1,2.1,0.0,0.12,0.4,0.0,0.0,0.0,1.2,0.05,0.09,69.0,0.0,1.0,27.0,0.0,91.0,0.0,0.6
23292,Beef Products,"Beef, top loin petite roast/filet, boneless, separable lean and fat, trimmed to 1/8"" fat, select, raw","URMIS #1320, Longissimus dorsi, URMIS #1322",No name,No name,170.0,21.6,9.3,0.0,0.0,0.0,4.0,0.399,2.79,0.0,0.0,3.0,3.901,0.287,0.156,7.0,0.132,2.98,26.0,0.0,225.0,23.7,8.5
8616,Breakfast Cereals,"Cereals ready-to-eat, KELLOGG's FROSTED MINI-WHEATS Bite Size Cinnamon Streusel",No name,"Kellogg, Co.",No name,349.0,8.8,1.6,84.6,22.5,10.8,0.0,0.93,2.8,0.0,0.67,616.0,9.3,0.79,0.69,36.0,0.0,30.0,83.0,0.0,354.0,0.0,2.8
5357,Poultry Products,"Chicken, broiler, rotisserie, BBQ, back meat and skin",No name,No name,No name,251.0,20.29,18.86,0.4,0.4,0.0,24.0,0.153,0.6,0.0,0.26,7.0,5.621,0.185,0.065,33.0,0.061,0.83,19.0,0.006,217.0,35.4,1.51
22963,"Meals, Entrees, and Side Dishes","Lean Pockets, Meatballs & Mozzarella",No name,No name,No name,240.0,10.49,7.7,32.28,8.81,2.0,36.0,0.102,0.46,0.0,0.0,0.0,2.982,0.248,0.428,196.0,0.08199999999999999,2.06,23.0,0.289,180.0,10.1,0.98
11338,Vegetables and Vegetable Products,"Peppers, sweet, green, frozen, chopped, boiled, drained, without salt",No name,No name,No name,18.0,0.95,0.18,3.9,0.0,0.9,15.0,0.108,0.0,41.2,0.0,10.0,1.082,0.031,0.051,8.0,0.044,0.52,7.0,0.097,13.0,0.2,0.05
20127,Cereal Grains and Pasta,"Spaghetti, spinach, cooked",No name,No name,No name,130.0,4.58,0.63,26.15,0.0,0.0,8.0,0.096,0.0,0.0,0.0,12.0,1.53,0.103,0.097,30.0,0.205,1.04,62.0,1.504,108.0,22.1,1.08
5653,Poultry Products,"Ostrich, round, raw",No name,No name,Struthio camelus,116.0,21.99,2.4,0.0,0.0,0.0,0.0,0.517,5.01,0.0,0.2,8.0,4.761,0.29,0.198,5.0,0.139,3.54,22.0,0.018000000000000002,216.0,35.8,3.8
11365,Vegetables and Vegetable Products,"Potatoes, boiled, cooked in skin, flesh, without salt",No name,No name,No name,87.0,1.87,0.1,20.13,0.87,1.8,0.0,0.299,0.0,13.0,0.01,10.0,1.439,0.02,0.106,5.0,0.188,0.31,22.0,0.138,44.0,0.3,0.3
13358,Sausages and Luncheon Meats,"Beef, cured, smoked, chopped beef",No name,No name,No name,133.0,20.19,4.42,1.86,0.0,0.0,0.0,0.35,1.73,0.0,0.0,8.0,4.577,0.175,0.083,8.0,0.026,2.85,21.0,0.029,181.0,19.7,3.93
16426,Legumes and Legume Products,"Tofu, raw, firm, prepared with calcium sulfate",No name,No name,No name,145.0,15.78,8.72,4.27,0.0,2.3,0.0,0.092,0.0,0.2,0.0,29.0,0.381,0.102,0.158,683.0,0.378,2.66,58.0,1.181,190.0,17.4,1.57
17052,"Lamb, Veal, and Game Products","Lamb, domestic, shoulder, blade, separable lean and fat, trimmed to 1/4"" fat, choice, cooked, braised",No name,No name,No name,345.0,28.51,24.73,0.0,0.0,0.0,0.0,0.11,2.83,0.0,0.16,18.0,6.04,0.21,0.06,27.0,0.121,2.35,24.0,0.027000000000000003,185.0,33.1,6.86
2009,Spices and Herbs,"Spices, chili powder",No name,No name,No name,282.0,13.46,14.28,49.7,7.19,34.8,1483.0,2.094,0.0,0.7,38.14,28.0,11.6,0.94,0.25,330.0,1.0,17.3,149.0,1.7,300.0,20.4,4.3
23597,Beef Products,"Beef, round, eye of round, roast, separable lean only, trimmed to 1/8"" fat, all grades, raw",No name,No name,No name,124.0,22.6,3.0,0.0,0.0,0.0,0.0,0.667,1.6,0.0,0.28,13.0,6.78,0.147,0.091,20.0,0.101,1.96,25.0,0.014,219.0,28.8,4.3
20647,Cereal Grains and Pasta,Millet flour,No name,No name,No name,382.0,10.75,4.25,75.12,1.66,3.5,0.0,0.3720000000000001,0.0,0.0,0.11,42.0,6.02,0.073,0.413,14.0,0.535,3.94,119.0,1.002,285.0,32.7,2.63
19161,Sweets,"Candies, MARS SNACKFOOD US, TWIX Peanut Butter Cookie Bars",No name,Masterfoods USA,No name,536.0,9.18,32.67,54.15,36.13,3.1,20.0,0.114,0.26,0.3,3.42,15.0,2.379,0.145,0.098,75.0,0.29,1.32,61.0,0.942,173.0,12.9,1.61
19175,Sweets,"Gelatin desserts, dry mix, reduced calorie, with aspartame",No name,No name,No name,198.0,15.67,0.0,80.21,0.0,0.1,0.0,0.0,0.0,0.0,0.0,0.0,0.0,0.0,0.0,8.0,0.0,0.06,2.0,0.0,1293.0,0.0,0.0
20078,Cereal Grains and Pasta,"Wheat germ, crude",No name,No name,No name,360.0,23.15,9.72,51.8,0.0,13.2,0.0,1.3,0.0,0.0,0.0,281.0,6.813,0.499,1.882,39.0,0.7959999999999999,6.26,239.0,13.300999999999998,842.0,79.2,12.29
3044,Baby Foods,"Babyfood, dinner, macaroni and tomato and beef, strained",No name,No name,No name,61.0,2.36,1.47,9.45,2.09,1.2,44.0,0.056,0.15,0.3,2.62,12.0,0.715,0.043,0.038,17.0,0.05,0.46,12.0,0.13,39.0,8.4,0.54
21008,Fast Foods,"Fast foods, biscuit, with ham",No name,No name,No name,342.0,11.85,16.3,38.75,1.97,0.7,27.0,0.12,0.03,0.1,1.23,53.0,3.08,0.28,0.45,142.0,0.032,2.41,20.0,0.32,490.0,17.1,1.46
7264,Sausages and Luncheon Meats,"LOUIS RICH, Turkey Ham (10% water added)",No name,No name,No name,113.0,18.2,4.1,0.9,0.9,0.0,0.0,0.0,0.0,0.0,0.0,0.0,0.0,0.0,0.0,5.0,0.25,1.27,22.0,0.0,294.0,0.0,2.59
8584,Breakfast Cereals,"Cereals ready-to-eat, KELLOGG'S SPECIAL K Chocolatey Delight",No name,"Kellogg, Co.",No name,381.0,6.5,7.3,81.2,29.9,10.6,725.0,2.26,6.8,68.0,0.53,755.0,22.6,1.92,1.69,18.0,0.38,26.1,61.0,3.1710000000000003,175.0,31.6,1.4
36604,Restaurant Foods,"CRACKER BARREL, chicken tenderloin platter, fried, from kid's menu",family style,Cracker Barrel,No name,294.0,18.67,15.41,20.24,0.19,1.0,2.0,0.444,0.13,0.0,1.27,0.0,7.01,0.13699999999999998,0.093,12.0,0.069,0.58,29.0,0.266,275.0,15.2,0.67
44259,Sweets,"Puddings, all flavors except chocolate, low calorie, regular, dry mix",No name,No name,No name,351.0,1.6,0.1,86.04,2.9,0.9,0.0,0.0,0.0,0.0,0.05,0.0,0.0,0.0,0.0,49.0,0.04,0.05,17.0,0.0,12.0,0.9,0.19
15236,Finfish and Shellfish Products,"Fish, salmon, Atlantic, farmed, raw",No name,No name,Salmo salar L.,208.0,20.42,13.42,0.0,0.0,0.0,0.0,0.636,3.23,3.9,3.55,26.0,8.672,0.155,0.207,9.0,0.045,0.34,27.0,0.011,240.0,24.0,0.36
18969,Baked Products,"Cream puff, eclair, custard or cream filled, iced",No name,No name,No name,334.0,4.41,18.52,37.43,22.05,0.9,23.0,0.041,0.17,0.0,0.95,100.0,1.908,0.241,0.263,35.0,0.06,0.95,10.0,0.224,71.0,15.5,0.45
18170,Baked Products,"Cookies, fig bars",No name,No name,No name,348.0,3.7,7.3,70.9,46.36,4.6,9.0,0.075,0.09,0.3,0.65,53.0,1.874,0.217,0.158,64.0,0.147,2.9,27.0,0.343,62.0,3.3,0.39
43541,Sweets,"Ice creams, chocolate, rich",No name,No name,No name,251.0,4.72,16.98,19.78,17.35,0.9,201.0,0.033,0.18,0.5,0.46,5.0,0.182,0.16699999999999998,0.03,142.0,0.175,1.02,32.0,0.173,115.0,2.1,0.64
11546,Vegetables and Vegetable Products,"Tomato products, canned, paste, without salt added",No name,No name,No name,82.0,4.32,0.47,18.91,12.18,4.1,76.0,0.21600000000000005,0.0,21.9,4.3,12.0,3.076,0.153,0.06,36.0,0.365,2.98,42.0,0.302,83.0,5.3,0.63
11634,Vegetables and Vegetable Products,"Peppers, sweet, green, freeze-dried",No name,No name,No name,314.0,17.9,3.0,68.7,38.48,21.3,282.0,2.2230000000000003,0.0,1900.0,4.0,229.0,7.4,1.2,1.2,134.0,1.389,10.4,188.0,1.897,327.0,3.7,2.41
15218,Finfish and Shellfish Products,"Fish, sunfish, pumpkin seed, cooked, dry heat",No name,No name,No name,114.0,24.87,0.9,0.0,0.0,0.0,17.0,0.138,2.31,1.0,0.0,17.0,1.462,0.085,0.092,103.0,0.385,1.54,38.0,0.897,231.0,16.2,1.99
1266,Dairy and Egg Products,"Cheese, Swiss, nonfat or fat free",No name,No name,No name,127.0,28.4,0.0,3.4,1.33,0.0,40.0,0.08,1.68,0.0,0.07,6.0,0.09,0.36,0.02,961.0,0.027000000000000003,0.17,36.0,0.0,605.0,12.7,3.9
13399,Beef Products,"Beef, round, bottom round, roast, separable lean and fat, trimmed to 0"" fat, all grades, cooked, roasted",Cube Steak,No name,No name,187.0,27.42,7.72,0.0,0.0,0.0,0.0,0.36,1.53,0.0,0.38,9.0,4.793,0.146,0.063,7.0,0.065,2.24,18.0,0.01,171.0,28.1,4.61
23477,Beef Products,"Beef, ground, 97% lean meat / 3% fat, raw",hamburger,No name,No name,115.0,21.98,3.0,0.0,0.0,0.0,4.0,0.401,2.26,0.0,0.17,4.0,5.6629999999999985,0.151,0.041,8.0,0.08,2.44,22.0,0.01,203.0,17.7,5.21
8654,Breakfast Cereals,"Cereals ready-to-eat, POST, HONEY BUNCHES OF OATS, Just Bunches, honey roasted",No name,"Post Foods, LLC",No name,433.0,7.9,11.4,75.9,23.3,6.2,395.0,0.9,2.6,0.0,1.83,583.0,8.8,0.7,0.7,42.0,0.3,14.2,76.0,0.0,234.0,25.7,2.6
8698,Breakfast Cereals,"Cereals ready-to-eat, KELLOGG, KELLOGG'S FROOT LOOPS TREASURES, Strawberry",No name,"Kellogg, Co.",No name,380.0,5.3,3.9,87.3,40.29,8.6,0.0,1.66,5.0,50.0,0.0,0.0,16.7,1.41,1.25,13.0,0.0,15.0,27.0,0.0,58.0,0.0,5.0
16579,Legumes and Legume Products,"GARDENBURGER Original, frozen, unprepared",No name,"Kellogg, Co.",No name,159.0,7.2,4.6,22.1,0.6,5.0,0.0,0.1,0.0,0.0,0.0,12.0,1.2,0.1,0.1,65.0,0.0,1.4,18.0,0.0,118.0,0.0,0.3
13862,Beef Products,"Beef, shoulder top blade steak, boneless, separable lean and fat, trimmed to 0"" fat, select, cooked, grilled",URMIS #1144,No name,No name,194.0,27.7,9.29,0.0,0.0,0.0,7.0,0.395,5.28,0.0,0.12,7.0,4.471,0.306,0.099,14.0,0.111,3.02,24.0,0.015,224.0,31.9,9.71
18259,Baked Products,"English muffins, plain, toasted, enriched, with calcium propionate (includes sourdough)",No name,No name,No name,270.0,10.32,2.02,52.65,3.47,2.8,0.0,0.067,0.05,1.7,0.36,180.0,4.99,0.28,0.541,197.0,0.16,4.65,28.0,0.63,107.0,26.3,1.4
17135,"Lamb, Veal, and Game Products","Veal, sirloin, separable lean and fat, cooked, braised",No name,No name,No name,252.0,31.26,13.14,0.0,0.0,0.0,0.0,0.35,1.48,0.0,0.41,15.0,6.58,0.35,0.05,17.0,0.128,1.2,27.0,0.035,243.0,14.0,4.32
7913,Sausages and Luncheon Meats,"Salami, pork, beef, less sodium",No name,No name,No name,396.0,15.01,30.5,15.38,6.21,0.2,4.0,0.489,1.76,0.7,0.0,8.0,4.803,0.336,0.738,94.0,0.08800000000000001,1.55,31.0,0.057,272.0,14.6,3.08
9439,Fruits and Fruit Juices,"USDA Commodity pears, canned, juice pack, drained","Commodity codes A437, A434, A431, A433",No name,No name,51.0,0.34,0.19,12.91,8.27,2.2,0.0,0.016,0.0,0.3,0.2,1.0,0.218,0.046,0.02,9.0,0.03,0.34,7.0,0.042,9.0,0.0,0.14
23214,Beef Products,"Beef, plate steak, boneless, inside skirt, separable lean and fat, trimmed to 0"" fat, all grades, cooked, grilled",No name,No name,No name,245.0,29.36,14.2,0.0,0.0,0.0,7.0,0.483,2.91,0.0,0.1,7.0,6.337999999999999,0.348,0.083,7.0,0.108,2.44,23.0,0.108,168.0,33.3,8.06
6983,"Soups, Sauces, and Gravies","Soup, ramen noodle, chicken flavor, dry",No name,No name,No name,439.0,10.22,17.52,60.23,1.96,2.9,0.0,0.039,0.0,0.0,2.41,0.0,5.5360000000000005,0.254,0.433,22.0,0.128,4.21,25.0,0.625,115.0,24.7,0.59
4025,Fats and Oils,"Salad dressing, mayonnaise, regular",No name,No name,No name,680.0,0.96,74.85,0.57,0.57,0.0,16.0,0.008,0.12,0.0,3.28,5.0,0.0,0.019,0.01,8.0,0.019,0.21,1.0,0.006999999999999999,21.0,2.3,0.15
19024,Snacks,"Snacks, granola bars, soft, coated, milk chocolate coating, chocolate chip",No name,No name,No name,466.0,5.8,24.9,63.8,0.0,3.4,7.0,0.1,0.57,0.0,0.0,26.0,0.72,0.25,0.09,103.0,0.35,2.33,66.0,0.93,199.0,0.0,1.3
23186,Beef Products,"Beef, rib eye steak, bone-in, lip-on, separable lean and fat, trimmed to 1/8"" fat, choice, cooked, grilled",URMIS #2012,No name,No name,313.0,22.71,24.7,0.0,0.0,0.0,8.0,0.45,2.0,0.0,0.1,6.0,4.752,0.29600000000000004,0.085,22.0,0.073,2.29,22.0,0.073,156.0,23.7,5.07
15189,Finfish and Shellfish Products,"Fish, bluefish, cooked, dry heat",No name,No name,No name,159.0,25.69,5.44,0.0,0.0,0.0,138.0,0.464,6.22,0.0,0.0,2.0,7.247000000000001,0.097,0.067,9.0,0.068,0.62,42.0,0.027000000000000003,291.0,46.8,1.04
16121,Legumes and Legume Products,"Soy protein concentrate, produced by alcohol extraction",No name,No name,No name,331.0,58.13,0.46,30.91,20.0,5.5,0.0,0.134,0.0,0.0,0.0,340.0,0.716,0.142,0.316,363.0,0.976,10.78,315.0,4.19,839.0,0.8,4.4
17074,"Lamb, Veal, and Game Products","Lamb, New Zealand, imported, leg chop/steak, bone-in, separable lean only, raw",No name,No name,No name,126.0,21.1,4.64,0.0,0.0,0.0,3.0,0.13699999999999998,1.64,0.0,0.14,0.0,5.2410000000000005,0.173,0.175,11.0,0.119,1.64,24.0,0.008,198.0,3.2,3.16
1253,Dairy and Egg Products,"Cheese, pasteurized process, American, without added vitamin D",No name,No name,No name,371.0,18.13,31.79,3.7,2.26,0.0,250.0,0.054000000000000006,1.5,0.0,0.8,8.0,0.076,0.234,0.015,1045.0,0.046,0.63,26.0,0.041,641.0,20.2,2.49
17051,"Lamb, Veal, and Game Products","Lamb, domestic, shoulder, blade, separable lean and fat, trimmed to 1/4"" fat, choice, raw",No name,No name,No name,259.0,16.63,20.86,0.0,0.0,0.0,0.0,0.14,2.59,0.0,0.22,19.0,5.43,0.2,0.11,17.0,0.096,1.48,21.0,0.02,160.0,19.2,4.28
7029,Sausages and Luncheon Meats,"Ham, sliced, regular (approximately 11% fat)",No name,No name,No name,163.0,16.6,8.6,3.83,0.0,1.3,0.0,0.329,0.42,4.0,0.08,7.0,2.904,0.17800000000000002,0.626,24.0,0.08900000000000001,1.02,22.0,0.557,153.0,20.7,1.35
19708,Sweets,"Puddings, lemon, dry mix, regular, with added oil, potassium, sodium",No name,No name,No name,366.0,0.1,1.5,90.3,0.0,0.1,0.0,0.005,0.0,0.0,0.0,0.0,0.019,0.024,0.005,0.0,0.024,0.17,4.0,0.025,3.0,0.7,0.02
17195,"Lamb, Veal, and Game Products","Lamb, variety meats and by-products, kidneys, raw",No name,No name,No name,97.0,15.74,2.95,0.82,0.0,0.0,95.0,0.22,52.41,11.0,0.0,28.0,7.51,2.24,0.62,13.0,0.446,6.38,17.0,0.118,246.0,126.9,2.24
15239,Finfish and Shellfish Products,"Fish, salmon, coho, farmed, cooked, dry heat",No name,No name,No name,178.0,24.3,8.23,0.0,0.0,0.0,59.0,0.568,3.17,1.5,0.0,14.0,7.393,0.113,0.1,12.0,0.08900000000000001,0.39,34.0,0.021,332.0,14.1,0.47
6967,"Soups, Sauces, and Gravies","Soup, vegetable soup, condensed, low sodium, prepared with equal volume water",No name,No name,No name,33.0,1.1,0.45,6.06,2.15,1.1,43.0,0.084,0.0,0.4,0.72,6.0,0.77,0.046,0.055,12.0,0.121,0.33,13.0,0.125,23.0,2.0,0.2
15221,Finfish and Shellfish Products,"Fish, tuna, yellowfin, fresh, cooked, dry heat",No name,No name,No name,130.0,29.15,0.59,0.0,0.0,0.0,22.0,1.038,2.35,0.0,0.29,2.0,22.07,0.13699999999999998,0.134,4.0,0.043,0.92,42.0,0.013,333.0,108.2,0.45
4544,Fats and Oils,"Shortening, household, lard and vegetable oil",No name,No name,No name,900.0,0.0,100.0,0.0,0.0,0.0,0.0,0.0,0.0,0.0,1.0,0.0,0.0,0.0,0.0,0.0,0.0,0.0,0.0,0.0,0.0,0.0,0.0
18131,Baked Products,"Cake, white, dry mix, special dietary (includes lemon-flavored)",No name,No name,No name,397.0,3.0,8.4,79.6,0.0,0.0,0.0,0.018000000000000002,0.0,0.0,0.0,111.0,2.395,0.179,0.289,26.0,0.057,1.99,10.0,0.3,296.0,2.5,0.3
11740,Vegetables and Vegetable Products,"Broccoli, flower clusters, raw",No name,No name,No name,28.0,2.98,0.35,5.24,0.0,0.0,150.0,0.159,0.0,93.2,0.0,71.0,0.638,0.119,0.065,48.0,0.045,0.88,25.0,0.229,66.0,3.0,0.4
15217,Finfish and Shellfish Products,"Fish, sucker, white, cooked, dry heat",No name,No name,No name,119.0,21.49,2.97,0.0,0.0,0.0,59.0,0.231,2.31,0.0,0.0,17.0,1.462,0.085,0.012,90.0,0.25,1.67,38.0,0.769,269.0,16.2,0.96
8582,Breakfast Cereals,"Cereals ready-to-eat, GENERAL MILLS, DORA THE EXPLORER",No name,General Mills Inc.,No name,366.0,5.6,5.7,82.8,21.2,10.2,522.0,1.852,5.6,22.2,0.93,1246.0,18.5,1.6,1.4,370.0,0.126,30.0,30.0,0.0,74.0,8.5,13.9
11081,Vegetables and Vegetable Products,"Beets, cooked, boiled, drained",No name,No name,No name,44.0,1.68,0.18,9.96,7.96,2.0,2.0,0.067,0.0,3.6,0.04,80.0,0.331,0.04,0.027000000000000003,16.0,0.07400000000000001,0.79,23.0,0.326,38.0,0.7,0.35
14003,Beverages,"Alcoholic beverage, beer, regular, all",No name,No name,No name,43.0,0.46,0.0,3.55,0.0,0.0,0.0,0.046,0.02,0.0,0.0,6.0,0.513,0.025,0.005,4.0,0.005,0.02,6.0,0.008,14.0,0.6,0.01
6016,"Soups, Sauces, and Gravies","Soup, cream of chicken, canned, condensed",No name,No name,No name,90.0,2.38,5.77,7.16,0.54,0.0,43.0,0.0,0.0,0.1,0.54,2.0,0.392,0.046,0.013,14.0,0.128,1.06,4.0,0.068,31.0,1.9,0.29
6014,"Soups, Sauces, and Gravies","CAMPBELL'S Red and White, Broccoli Cheese Soup, condensed",No name,Campbell Soup Co.,No name,81.0,1.61,3.63,9.68,2.42,0.0,0.0,0.0,0.0,1.0,0.0,0.0,0.0,0.0,0.0,32.0,0.0,0.0,0.0,0.0,0.0,0.0,8.47
18061,Baked Products,"Bread, rye, toasted",No name,No name,No name,284.0,9.4,3.6,53.1,4.23,6.4,0.0,0.07400000000000001,0.0,0.2,0.37,148.0,3.763,0.332,0.382,80.0,0.204,3.1,43.0,0.905,138.0,34.0,1.25
13841,Beef Products,"Beef, rib, large end (ribs 6-9), separable lean and fat, trimmed to 1/8"" fat, choice, raw",No name,No name,No name,333.0,16.03,29.34,0.0,0.0,0.0,0.0,0.29,2.67,0.0,0.0,5.0,2.57,0.13,0.08,8.0,0.058,1.68,15.0,0.011,150.0,15.7,3.67
18104,Baked Products,"Coffeecake, cinnamon with crumb topping, commercially prepared, enriched",No name,No name,No name,418.0,6.8,23.3,46.7,0.0,2.0,33.0,0.027000000000000003,0.18,0.3,0.0,81.0,1.6780000000000002,0.229,0.209,54.0,0.125,1.91,22.0,0.45,108.0,17.2,0.81
3689,Baby Foods,"Babyfood, cereal, oatmeal, prepared with whole milk",No name,No name,No name,116.0,5.0,4.1,15.3,0.0,1.1,22.0,0.06,0.3,1.3,0.0,10.0,5.981,0.563,0.506,220.0,0.094,12.14,35.0,0.0,160.0,0.0,0.92
11946,Vegetables and Vegetable Products,"Pickles, cucumber, sour, low sodium",No name,No name,No name,11.0,0.33,0.2,2.26,1.06,1.2,10.0,0.009000000000000001,0.0,1.0,0.09,1.0,0.0,0.01,0.0,0.0,0.085,0.4,4.0,0.011,14.0,0.0,0.02
6480,"Soups, Sauces, and Gravies","Soup, chicken broth or bouillon, dry, prepared with water",No name,No name,No name,4.0,0.28,0.23,0.3,0.29,0.0,0.0,0.002,0.0,0.0,0.01,1.0,0.041,0.006999999999999999,0.002,6.0,0.01,0.02,2.0,0.003,3.0,0.5,0.01
13474,Beef Products,"Beef, short loin, t-bone steak, separable lean and fat, trimmed to 0"" fat, USDA choice, cooked, broiled",URMIS # 2184,No name,No name,258.0,24.05,17.26,0.0,0.0,0.0,0.0,0.359,2.19,0.0,0.18,7.0,4.242,0.23,0.1,5.0,0.131,3.33,24.0,0.015,197.0,10.9,4.64
18390,Baked Products,"Pancakes, buttermilk, prepared from recipe",No name,No name,No name,227.0,6.8,9.3,28.7,0.0,0.0,30.0,0.045,0.18,0.4,0.0,56.0,1.577,0.292,0.204,157.0,0.052000000000000005,1.7,15.0,0.203,139.0,15.1,0.62
28115,Baked Products,"KEEBLER, 100 Calorie RIGHT BITES, FUDGE SHOPPE, Fudge Covered Pretzels",No name,"Kellogg, Co.",No name,455.0,7.5,17.0,71.3,32.9,3.9,0.0,0.04,0.0,0.0,0.0,0.0,3.6,0.42,0.34,106.0,0.0,5.5,47.0,0.0,89.0,0.0,0.1
7945,Sausages and Luncheon Meats,"Frankfurter, beef, heated","hot dog, frank, wiener",No name,No name,322.0,11.69,29.36,2.66,1.27,0.0,0.0,0.193,1.44,0.0,0.2,10.0,1.827,0.05,0.017,11.0,0.047,1.22,9.0,0.017,139.0,10.8,2.17
14107,Beverages,"Alcoholic Beverage, wine, table, red, Lemberger",No name,No name,No name,80.0,0.07,0.0,2.46,0.0,0.0,0.0,0.0,0.0,0.0,0.0,0.0,0.0,0.0,0.0,0.0,0.0,0.0,0.0,0.0,0.0,0.0,0.0
18087,Baked Products,"Cake mix, angelfood, dry",No name,No name,No name,366.0,6.4,0.27,86.13,61.33,0.5,0.0,0.009000000000000001,0.05,0.0,0.0,60.0,0.267,0.267,0.0,153.0,0.094,0.27,11.0,0.142,337.0,12.6,0.16
11826,Vegetables and Vegetable Products,"Pigeonpeas, immature seeds, cooked, boiled, drained, with salt",No name,No name,No name,111.0,5.96,1.36,19.49,2.48,6.2,2.0,0.053,0.0,28.1,0.32,100.0,2.153,0.166,0.35,41.0,0.105,1.57,40.0,0.451,118.0,1.2,0.82
3195,Baby Foods,"Babyfood, cereal, rice, with applesauce and bananas, strained",No name,No name,No name,80.0,1.2,0.4,17.1,2.24,1.0,1.0,0.234,0.0,31.6,0.04,3.0,4.017,0.422,0.26,17.0,0.051,6.73,3.0,0.0,12.0,2.1,0.08
42129,Sausages and Luncheon Meats,"Bologna, beef and pork, low fat",No name,No name,No name,230.0,11.5,19.3,2.6,0.0,0.0,0.0,0.18,1.31,0.0,0.22,5.0,2.54,0.13,0.17,11.0,0.08,0.66,12.0,0.0,181.0,11.2,1.5
17380,"Lamb, Veal, and Game Products","Lamb, New Zealand, imported, tunnel-boned leg, chump off, shank off, separable lean only, cooked, slow roasted",No name,No name,No name,159.0,25.29,6.44,0.0,0.0,0.0,2.0,0.275,1.58,0.0,0.33,0.0,5.892,0.248,0.107,4.0,0.155,1.71,26.0,0.013,213.0,4.6,3.69
12138,Nut and Seed Products,"Nuts, mixed nuts, oil roasted, without peanuts, without salt added",No name,No name,No name,615.0,15.52,56.17,22.27,0.0,5.5,1.0,0.18,0.0,0.5,0.0,56.0,1.964,0.486,0.504,106.0,1.795,2.57,251.0,1.547,449.0,0.0,4.66
2003,Spices and Herbs,"Spices, basil, dried",No name,No name,Ocimum basilicum,233.0,22.98,4.07,47.75,1.71,37.7,37.0,1.34,0.0,0.8,10.7,310.0,4.9,1.2,0.08,2240.0,2.1,89.8,711.0,9.8,274.0,3.0,7.1
8513,Breakfast Cereals,"Cereals ready-to-eat, GENERAL MILLS, CHOCOLATE LUCKY CHARMS",No name,General Mills Inc.,No name,381.0,5.59,4.4,84.4,36.79,5.3,505.0,1.78,5.4,21.4,0.57,594.0,17.89,1.5,1.29,357.0,0.212,16.1,57.0,0.0,214.0,9.9,13.39
11010,Vegetables and Vegetable Products,"Artichokes, (globe or french), frozen, cooked, boiled, drained, without salt",No name,No name,No name,45.0,3.11,0.5,9.18,0.84,4.6,1.0,0.087,0.0,5.0,0.16,119.0,0.915,0.158,0.062,21.0,0.061,0.56,31.0,0.273,61.0,0.2,0.36
18086,Baked Products,"Cake, angelfood, commercially prepared",No name,No name,No name,258.0,5.9,0.8,57.8,0.0,1.5,0.0,0.031,0.06,0.0,0.0,57.0,0.883,0.491,0.102,140.0,0.078,0.52,12.0,0.085,324.0,7.3,0.07
3047,Baby Foods,"Babyfood, dinner, beef noodle, strained",No name,No name,No name,63.0,2.44,2.26,8.18,1.42,1.3,36.0,0.036000000000000004,0.19,0.1,0.31,11.0,0.616,0.035,0.035,10.0,0.05,0.41,10.0,0.12,38.0,3.6,0.6
23090,Beef Products,"Beef, chuck for stew, separable lean and fat, all grades, cooked, braised","Beef, Chuck, Beef for Stew, URMIS #1100",No name,No name,191.0,32.41,6.82,0.0,0.0,0.0,2.0,0.511,2.73,0.0,0.11,8.0,4.117,0.25,0.075,16.0,0.12,2.96,23.0,0.017,228.0,34.6,8.32
11208,Vegetables and Vegetable Products,"Dandelion greens, cooked, boiled, drained, without salt",No name,No name,No name,33.0,2.0,0.6,6.4,0.5,2.9,342.0,0.16,0.0,18.0,2.44,13.0,0.514,0.175,0.13,140.0,0.115,1.8,24.0,0.23,42.0,0.3,0.28
13294,Beef Products,"Beef, chuck, under blade pot roast or steak, boneless, separable lean only, trimmed to 0"" fat, choice, raw","URMIS #1151, URMIS #1158, Beef, Chuck, Under Blade Pot Roast or Steak",No name,No name,145.0,21.19,6.51,0.39,0.0,0.0,2.0,0.406,3.26,0.0,0.17,4.0,4.29,0.192,0.08,12.0,0.081,2.27,22.0,0.013,200.0,24.4,7.82
17389,"Lamb, Veal, and Game Products","Lamb, New Zealand, imported, loin, boneless, separable lean only, raw",No name,No name,No name,120.0,21.5,3.77,0.0,0.0,0.0,2.0,0.17600000000000002,1.12,0.0,0.33,0.0,6.356,0.162,0.07200000000000001,4.0,0.127,1.55,26.0,0.01,217.0,2.9,2.1
